<?xml version="1.0" encoding="utf-8" standalone="yes"?><rss version="2.0" xmlns:atom="http://www.w3.org/2005/Atom"><channel><title>Books on Loudly Proud</title><link>./books.html</link><description>Recent content in Books on Loudly Proud</description><generator>Hugo</generator><language>en</language><atom:link href="./books/index.xml" rel="self" type="application/rss+xml"/><item><title>Acrobat</title><link>./books/acrobat-6f66020e.html</link><pubDate>Mon, 01 Jan 0001 00:00:00 +0000</pubDate><guid>./books/acrobat-6f66020e.html</guid><description/></item><item><title>Annie On My Mind</title><link>./books/annie-on-my-mind-41e49526.html</link><pubDate>Mon, 01 Jan 0001 00:00:00 +0000</pubDate><guid>./books/annie-on-my-mind-41e49526.html</guid><description/></item><item><title>Any Way The Wind Blows</title><link>./books/any-way-the-wind-blows-8e417f47.html</link><pubDate>Mon, 01 Jan 0001 00:00:00 +0000</pubDate><guid>./books/any-way-the-wind-blows-8e417f47.html</guid><description/></item><item><title>Blessings</title><link>./books/blessings-6a809315.html</link><pubDate>Mon, 01 Jan 0001 00:00:00 +0000</pubDate><guid>./books/blessings-6a809315.html</guid><description/></item><item><title>Chain-gang All-stars</title><link>./books/chain-gang-all-stars-9a2644ac.html</link><pubDate>Mon, 01 Jan 0001 00:00:00 +0000</pubDate><guid>./books/chain-gang-all-stars-9a2644ac.html</guid><description/></item><item><title>Christmas Days: 12 Stories And 12 Feasts For 12 Days</title><link>./books/christmas-days-12-stories-and-12-feasts-for-12-days-f4b9e6bd.html</link><pubDate>Mon, 01 Jan 0001 00:00:00 +0000</pubDate><guid>./books/christmas-days-12-stories-and-12-feasts-for-12-days-f4b9e6bd.html</guid><description/></item><item><title>Day</title><link>./books/day-ec8ffff0.html</link><pubDate>Mon, 01 Jan 0001 00:00:00 +0000</pubDate><guid>./books/day-ec8ffff0.html</guid><description/></item><item><title>Detransition, Baby</title><link>./books/detransition-baby-3a9be202.html</link><pubDate>Mon, 01 Jan 0001 00:00:00 +0000</pubDate><guid>./books/detransition-baby-3a9be202.html</guid><description/></item><item><title>Glimpses: A Collection Of Nightrunner Short Stories</title><link>./books/glimpses-a-collection-of-nightrunner-short-stories-e6646e80.html</link><pubDate>Mon, 01 Jan 0001 00:00:00 +0000</pubDate><guid>./books/glimpses-a-collection-of-nightrunner-short-stories-e6646e80.html</guid><description/></item><item><title>Grief Is The Thing With Feathers</title><link>./books/grief-is-the-thing-with-feathers-dd3bbad5.html</link><pubDate>Mon, 01 Jan 0001 00:00:00 +0000</pubDate><guid>./books/grief-is-the-thing-with-feathers-dd3bbad5.html</guid><description/></item><item><title>I Keep My Exoskeletons To Myself</title><link>./books/i-keep-my-exoskeletons-to-myself-b6a9c366.html</link><pubDate>Mon, 01 Jan 0001 00:00:00 +0000</pubDate><guid>./books/i-keep-my-exoskeletons-to-myself-b6a9c366.html</guid><description/></item><item><title>Idlewild</title><link>./books/idlewild-32704ba3.html</link><pubDate>Mon, 01 Jan 0001 00:00:00 +0000</pubDate><guid>./books/idlewild-32704ba3.html</guid><description/></item><item><title>In Memoriam</title><link>./books/in-memoriam-a5afa326.html</link><pubDate>Mon, 01 Jan 0001 00:00:00 +0000</pubDate><guid>./books/in-memoriam-a5afa326.html</guid><description/></item><item><title>Land Of Milk And Honey</title><link>./books/land-of-milk-and-honey-4e56c993.html</link><pubDate>Mon, 01 Jan 0001 00:00:00 +0000</pubDate><guid>./books/land-of-milk-and-honey-4e56c993.html</guid><description/></item><item><title>Lore &amp; Lust: Date Night In Milan</title><link>./books/lore-lust-date-night-in-milan-e254b5c7.html</link><pubDate>Mon, 01 Jan 0001 00:00:00 +0000</pubDate><guid>./books/lore-lust-date-night-in-milan-e254b5c7.html</guid><description/></item><item><title>Martyr!</title><link>./books/martyr-tm6j7p.html</link><pubDate>Mon, 01 Jan 0001 00:00:00 +0000</pubDate><guid>./books/martyr-tm6j7p.html</guid><description/></item><item><title>Memorial</title><link>./books/memorial-2b39b7d4.html</link><pubDate>Mon, 01 Jan 0001 00:00:00 +0000</pubDate><guid>./books/memorial-2b39b7d4.html</guid><description/></item><item><title>Monstrilio</title><link>./books/monstrilio-a2d19f69.html</link><pubDate>Mon, 01 Jan 0001 00:00:00 +0000</pubDate><guid>./books/monstrilio-a2d19f69.html</guid><description/></item><item><title>Open Throat</title><link>./books/open-throat-6c7b6bef.html</link><pubDate>Mon, 01 Jan 0001 00:00:00 +0000</pubDate><guid>./books/open-throat-6c7b6bef.html</guid><description/></item><item><title>Our Wives Under The Sea</title><link>./books/our-wives-under-the-sea-16bca213.html</link><pubDate>Mon, 01 Jan 0001 00:00:00 +0000</pubDate><guid>./books/our-wives-under-the-sea-16bca213.html</guid><description/></item><item><title>Rainbow Milk</title><link>./books/rainbow-milk-7106d954.html</link><pubDate>Mon, 01 Jan 0001 00:00:00 +0000</pubDate><guid>./books/rainbow-milk-7106d954.html</guid><description/></item><item><title>Sexing The Cherry</title><link>./books/sexing-the-cherry-a93dcfa9.html</link><pubDate>Mon, 01 Jan 0001 00:00:00 +0000</pubDate><guid>./books/sexing-the-cherry-a93dcfa9.html</guid><description/></item><item><title>Shards Of Time</title><link>./books/shards-of-time-4a55201f.html</link><pubDate>Mon, 01 Jan 0001 00:00:00 +0000</pubDate><guid>./books/shards-of-time-4a55201f.html</guid><description/></item><item><title>Skin</title><link>./books/skin-aabaef33.html</link><pubDate>Mon, 01 Jan 0001 00:00:00 +0000</pubDate><guid>./books/skin-aabaef33.html</guid><description/></item><item><title>Skin And Its Girl</title><link>./books/skin-and-its-girl-34c4d5b2.html</link><pubDate>Mon, 01 Jan 0001 00:00:00 +0000</pubDate><guid>./books/skin-and-its-girl-34c4d5b2.html</guid><description/></item><item><title>Still Life</title><link>./books/still-life-75e1591a.html</link><pubDate>Mon, 01 Jan 0001 00:00:00 +0000</pubDate><guid>./books/still-life-75e1591a.html</guid><description/></item><item><title>Swimming In The Dark</title><link>./books/swimming-in-the-dark-0e5e91c0.html</link><pubDate>Mon, 01 Jan 0001 00:00:00 +0000</pubDate><guid>./books/swimming-in-the-dark-0e5e91c0.html</guid><description/></item><item><title>The Arrival</title><link>./books/the-arrival-cd14889d.html</link><pubDate>Mon, 01 Jan 0001 00:00:00 +0000</pubDate><guid>./books/the-arrival-cd14889d.html</guid><description/></item><item><title>The Guardian</title><link>./books/the-guardian-d51281d6.html</link><pubDate>Mon, 01 Jan 0001 00:00:00 +0000</pubDate><guid>./books/the-guardian-d51281d6.html</guid><description/></item><item><title>The Guncle</title><link>./books/the-guncle-c0009487.html</link><pubDate>Mon, 01 Jan 0001 00:00:00 +0000</pubDate><guid>./books/the-guncle-c0009487.html</guid><description/></item><item><title>The Prophets</title><link>./books/the-prophets-095df7ab.html</link><pubDate>Mon, 01 Jan 0001 00:00:00 +0000</pubDate><guid>./books/the-prophets-095df7ab.html</guid><description/></item><item><title>The Thirty Names Of Night</title><link>./books/the-thirty-names-of-night-d3fd6d3f.html</link><pubDate>Mon, 01 Jan 0001 00:00:00 +0000</pubDate><guid>./books/the-thirty-names-of-night-d3fd6d3f.html</guid><description/></item><item><title>The Town Of Babylon</title><link>./books/the-town-of-babylon-c4f1d610.html</link><pubDate>Mon, 01 Jan 0001 00:00:00 +0000</pubDate><guid>./books/the-town-of-babylon-c4f1d610.html</guid><description/></item><item><title>The Well Of Loneliness</title><link>./books/the-well-of-loneliness-cded3f6d.html</link><pubDate>Mon, 01 Jan 0001 00:00:00 +0000</pubDate><guid>./books/the-well-of-loneliness-cded3f6d.html</guid><description/></item><item><title>This Is How You Lose Her</title><link>./books/this-is-how-you-lose-her-74a0311f.html</link><pubDate>Mon, 01 Jan 0001 00:00:00 +0000</pubDate><guid>./books/this-is-how-you-lose-her-74a0311f.html</guid><description/></item><item><title>Under The Rainbow</title><link>./books/under-the-rainbow-d89a4915.html</link><pubDate>Mon, 01 Jan 0001 00:00:00 +0000</pubDate><guid>./books/under-the-rainbow-d89a4915.html</guid><description/></item><item><title>Unfortunates</title><link>./books/unfortunates-5b5e9799.html</link><pubDate>Mon, 01 Jan 0001 00:00:00 +0000</pubDate><guid>./books/unfortunates-5b5e9799.html</guid><description/></item><item><title>Wayward Son</title><link>./books/wayward-son-1aa59fb8.html</link><pubDate>Mon, 01 Jan 0001 00:00:00 +0000</pubDate><guid>./books/wayward-son-1aa59fb8.html</guid><description/></item><item><title>We Do What We Do In The Dark</title><link>./books/we-do-what-we-do-in-the-dark-977e5bda.html</link><pubDate>Mon, 01 Jan 0001 00:00:00 +0000</pubDate><guid>./books/we-do-what-we-do-in-the-dark-977e5bda.html</guid><description/></item><item><title>With Teeth</title><link>./books/with-teeth-2f162d1f.html</link><pubDate>Mon, 01 Jan 0001 00:00:00 +0000</pubDate><guid>./books/with-teeth-2f162d1f.html</guid><description/></item><item><title>Yerba Buena</title><link>./books/yerba-buena-188458ef.html</link><pubDate>Mon, 01 Jan 0001 00:00:00 +0000</pubDate><guid>./books/yerba-buena-188458ef.html</guid><description/></item><item><title>You Exist Too Much</title><link>./books/you-exist-too-much-a928807d.html</link><pubDate>Mon, 01 Jan 0001 00:00:00 +0000</pubDate><guid>./books/you-exist-too-much-a928807d.html</guid><description/></item><item><title>Young Mungo</title><link>./books/young-mungo-2acb2a4f.html</link><pubDate>Mon, 01 Jan 0001 00:00:00 +0000</pubDate><guid>./books/young-mungo-2acb2a4f.html</guid><description/></item></channel></rss>