<?xml version="1.0" encoding="utf-8" standalone="yes"?><rss version="2.0" xmlns:atom="http://www.w3.org/2005/Atom"><channel><title>Books on Loudly Proud</title><link>./ru/books.html</link><description>Recent content in Books on Loudly Proud</description><generator>Hugo</generator><language>ru</language><atom:link href="./ru/books/index.xml" rel="self" type="application/rss+xml"/><item><title>52 Гц</title><link>./ru/books/52-gts-08878f09.html</link><pubDate>Mon, 01 Jan 0001 00:00:00 +0000</pubDate><guid>./ru/books/52-gts-08878f09.html</guid><description/></item><item><title>Casket Of Souls</title><link>./ru/books/casket-of-souls-79c47738.html</link><pubDate>Mon, 01 Jan 0001 00:00:00 +0000</pubDate><guid>./ru/books/casket-of-souls-79c47738.html</guid><description/></item><item><title>Codename Villanelle</title><link>./ru/books/codename-villanelle-3d85624f.html</link><pubDate>Mon, 01 Jan 0001 00:00:00 +0000</pubDate><guid>./ru/books/codename-villanelle-3d85624f.html</guid><description/></item><item><title>Frog</title><link>./ru/books/frog-031bfc93.html</link><pubDate>Mon, 01 Jan 0001 00:00:00 +0000</pubDate><guid>./ru/books/frog-031bfc93.html</guid><description/></item><item><title>Heartstopper. С Замиранием Сердца. Том 1</title><link>./ru/books/heartstopper-s-zamiraniem-serdtsa-tom-1-0ab95b2e.html</link><pubDate>Mon, 01 Jan 0001 00:00:00 +0000</pubDate><guid>./ru/books/heartstopper-s-zamiraniem-serdtsa-tom-1-0ab95b2e.html</guid><description/></item><item><title>Heartstopper. С Замиранием Сердца. Том 2</title><link>./ru/books/heartstopper-s-zamiraniem-serdtsa-tom-2-fb4175db.html</link><pubDate>Mon, 01 Jan 0001 00:00:00 +0000</pubDate><guid>./ru/books/heartstopper-s-zamiraniem-serdtsa-tom-2-fb4175db.html</guid><description/></item><item><title>Nightcrawling</title><link>./ru/books/nightcrawling-8e3325b7.html</link><pubDate>Mon, 01 Jan 0001 00:00:00 +0000</pubDate><guid>./ru/books/nightcrawling-8e3325b7.html</guid><description/></item><item><title>Nona The Ninth</title><link>./ru/books/nona-the-ninth-b9f008b2.html</link><pubDate>Mon, 01 Jan 0001 00:00:00 +0000</pubDate><guid>./ru/books/nona-the-ninth-b9f008b2.html</guid><description/></item><item><title>Passing Strange</title><link>./ru/books/passing-strange-7a80d263.html</link><pubDate>Mon, 01 Jan 0001 00:00:00 +0000</pubDate><guid>./ru/books/passing-strange-7a80d263.html</guid><description/></item><item><title>Phoenix Bride</title><link>./ru/books/phoenix-bride-24e3fa79.html</link><pubDate>Mon, 01 Jan 0001 00:00:00 +0000</pubDate><guid>./ru/books/phoenix-bride-24e3fa79.html</guid><description/></item><item><title>Red</title><link>./ru/books/red-fae9da1f.html</link><pubDate>Mon, 01 Jan 0001 00:00:00 +0000</pubDate><guid>./ru/books/red-fae9da1f.html</guid><description/></item><item><title>Stone Butch Blues</title><link>./ru/books/stone-butch-blues-c5cfde8f.html</link><pubDate>Mon, 01 Jan 0001 00:00:00 +0000</pubDate><guid>./ru/books/stone-butch-blues-c5cfde8f.html</guid><description/></item><item><title>The Lighthouse</title><link>./ru/books/the-lighthouse-95af1dad.html</link><pubDate>Mon, 01 Jan 0001 00:00:00 +0000</pubDate><guid>./ru/books/the-lighthouse-95af1dad.html</guid><description/></item><item><title>The Seven Husbands Of Evelyn Hugo</title><link>./ru/books/the-seven-husbands-of-evelyn-hugo-af9a98c5.html</link><pubDate>Mon, 01 Jan 0001 00:00:00 +0000</pubDate><guid>./ru/books/the-seven-husbands-of-evelyn-hugo-af9a98c5.html</guid><description/></item><item><title>The Sunshine Court</title><link>./ru/books/the-sunshine-court-94c10f84.html</link><pubDate>Mon, 01 Jan 0001 00:00:00 +0000</pubDate><guid>./ru/books/the-sunshine-court-94c10f84.html</guid><description/></item><item><title>The White Road</title><link>./ru/books/the-white-road-e1dd0343.html</link><pubDate>Mon, 01 Jan 0001 00:00:00 +0000</pubDate><guid>./ru/books/the-white-road-e1dd0343.html</guid><description/></item><item><title>The World And Other Places: Stories</title><link>./ru/books/the-world-and-other-places-stories-0519a228.html</link><pubDate>Mon, 01 Jan 0001 00:00:00 +0000</pubDate><guid>./ru/books/the-world-and-other-places-stories-0519a228.html</guid><description/></item><item><title>This Is How It Always Is</title><link>./ru/books/this-is-how-it-always-is-5ac1d191.html</link><pubDate>Mon, 01 Jan 0001 00:00:00 +0000</pubDate><guid>./ru/books/this-is-how-it-always-is-5ac1d191.html</guid><description/></item><item><title>Автоквирография</title><link>./ru/books/avtokvirografiia-a8069a4f.html</link><pubDate>Mon, 01 Jan 0001 00:00:00 +0000</pubDate><guid>./ru/books/avtokvirografiia-a8069a4f.html</guid><description/></item><item><title>Аргонавты</title><link>./ru/books/argonavty-1a2dd5be.html</link><pubDate>Mon, 01 Jan 0001 00:00:00 +0000</pubDate><guid>./ru/books/argonavty-1a2dd5be.html</guid><description/></item><item><title>Аристотель И Данте Открывают Тайны Вселенной</title><link>./ru/books/aristotel-i-dante-otkryvaiut-tainy-vselennoi-6496c116.html</link><pubDate>Mon, 01 Jan 0001 00:00:00 +0000</pubDate><guid>./ru/books/aristotel-i-dante-otkryvaiut-tainy-vselennoi-6496c116.html</guid><description/></item><item><title>Бархатные коготки (Tipping The Velvet)</title><link>./ru/books/barkhatnye-kogotki-tipping-the-velvet-d72e7f6e.html</link><pubDate>Mon, 01 Jan 0001 00:00:00 +0000</pubDate><guid>./ru/books/barkhatnye-kogotki-tipping-the-velvet-d72e7f6e.html</guid><description/></item><item><title>Близнец Тряпичной Куклы</title><link>./ru/books/bliznets-triapichnoi-kukly-183fcd3c.html</link><pubDate>Mon, 01 Jan 0001 00:00:00 +0000</pubDate><guid>./ru/books/bliznets-triapichnoi-kukly-183fcd3c.html</guid><description/></item><item><title>Бремя. Миф об Атласе и Геракле (Weight)</title><link>./ru/books/bremia-mif-ob-atlase-i-gerakle-weight-24798884.html</link><pubDate>Mon, 01 Jan 0001 00:00:00 +0000</pubDate><guid>./ru/books/bremia-mif-ob-atlase-i-gerakle-weight-24798884.html</guid><description/></item><item><title>В конце они оба умрут (They Both Die At The End)</title><link>./ru/books/v-kontse-oni-oba-umrut-they-both-die-at-the-end-1a8fe142.html</link><pubDate>Mon, 01 Jan 0001 00:00:00 +0000</pubDate><guid>./ru/books/v-kontse-oni-oba-umrut-they-both-die-at-the-end-1a8fe142.html</guid><description/></item><item><title>В Поисках Шары Уилер</title><link>./ru/books/v-poiskakh-shary-uiler-e64cf0d7.html</link><pubDate>Mon, 01 Jan 0001 00:00:00 +0000</pubDate><guid>./ru/books/v-poiskakh-shary-uiler-e64cf0d7.html</guid><description/></item><item><title>В Центре Вселенной</title><link>./ru/books/v-tsentre-vselennoi-25a7ae3f.html</link><pubDate>Mon, 01 Jan 0001 00:00:00 +0000</pubDate><guid>./ru/books/v-tsentre-vselennoi-25a7ae3f.html</guid><description/></item><item><title>Вдребезги</title><link>./ru/books/vdrebezgi-88b5f565.html</link><pubDate>Mon, 01 Jan 0001 00:00:00 +0000</pubDate><guid>./ru/books/vdrebezgi-88b5f565.html</guid><description/></item><item><title>Возвращение Королевы</title><link>./ru/books/vozvrashchenie-korolevy-9d4ad0cf.html</link><pubDate>Mon, 01 Jan 0001 00:00:00 +0000</pubDate><guid>./ru/books/vozvrashchenie-korolevy-9d4ad0cf.html</guid><description/></item><item><title>Воронята</title><link>./ru/books/voroniata-2613dfcd.html</link><pubDate>Mon, 01 Jan 0001 00:00:00 +0000</pubDate><guid>./ru/books/voroniata-2613dfcd.html</guid><description/></item><item><title>Восемь Белых Ночей</title><link>./ru/books/vosem-belykh-nochei-31bfd19f.html</link><pubDate>Mon, 01 Jan 0001 00:00:00 +0000</pubDate><guid>./ru/books/vosem-belykh-nochei-31bfd19f.html</guid><description/></item><item><title>Всего Лишь Полностью Раздавлен</title><link>./ru/books/vsego-lish-polnostiu-razdavlen-88444258.html</link><pubDate>Mon, 01 Jan 0001 00:00:00 +0000</pubDate><guid>./ru/books/vsego-lish-polnostiu-razdavlen-88444258.html</guid><description/></item><item><title>Встретимся В Новом Мире</title><link>./ru/books/vstretimsia-v-novom-mire-8d01f5a1.html</link><pubDate>Mon, 01 Jan 0001 00:00:00 +0000</pubDate><guid>./ru/books/vstretimsia-v-novom-mire-8d01f5a1.html</guid><description/></item><item><title>Встречайся со мной, Брайсон Келлер</title><link>./ru/books/vstrechaisia-so-mnoi-braison-keller-426e3dc4.html</link><pubDate>Mon, 01 Jan 0001 00:00:00 +0000</pubDate><guid>./ru/books/vstrechaisia-so-mnoi-braison-keller-426e3dc4.html</guid><description/></item><item><title>Гарвардская Площадь</title><link>./ru/books/garvardskaia-ploshchad-438c3b06.html</link><pubDate>Mon, 01 Jan 0001 00:00:00 +0000</pubDate><guid>./ru/books/garvardskaia-ploshchad-438c3b06.html</guid><description/></item><item><title>Гидеон из девятого дома</title><link>./ru/books/gideon-iz-deviatogo-doma-85413c3e.html</link><pubDate>Mon, 01 Jan 0001 00:00:00 +0000</pubDate><guid>./ru/books/gideon-iz-deviatogo-doma-85413c3e.html</guid><description/></item><item><title>Гойда</title><link>./ru/books/goida-a0cc82e9.html</link><pubDate>Mon, 01 Jan 0001 00:00:00 +0000</pubDate><guid>./ru/books/goida-a0cc82e9.html</guid><description/></item><item><title>Город Из Воды И Песка</title><link>./ru/books/gorod-iz-vody-i-peska-c16bd66a.html</link><pubDate>Mon, 01 Jan 0001 00:00:00 +0000</pubDate><guid>./ru/books/gorod-iz-vody-i-peska-c16bd66a.html</guid><description/></item><item><title>Дарий Великий Заслуживает Большего</title><link>./ru/books/darii-velikii-zasluzhivaet-bolshego-b52021c3.html</link><pubDate>Mon, 01 Jan 0001 00:00:00 +0000</pubDate><guid>./ru/books/darii-velikii-zasluzhivaet-bolshego-b52021c3.html</guid><description/></item><item><title>Дарий Великий Не В Порядке</title><link>./ru/books/darii-velikii-ne-v-poriadke-fdb2083c.html</link><pubDate>Mon, 01 Jan 0001 00:00:00 +0000</pubDate><guid>./ru/books/darii-velikii-ne-v-poriadke-fdb2083c.html</guid><description/></item><item><title>Девочка В Нулевой Степени</title><link>./ru/books/devochka-v-nulevoi-stepeni-f1dd72be.html</link><pubDate>Mon, 01 Jan 0001 00:00:00 +0000</pubDate><guid>./ru/books/devochka-v-nulevoi-stepeni-f1dd72be.html</guid><description/></item><item><title>Девушки Из Бумаги И Огня</title><link>./ru/books/devushki-iz-bumagi-i-ognia-dc97810d.html</link><pubDate>Mon, 01 Jan 0001 00:00:00 +0000</pubDate><guid>./ru/books/devushki-iz-bumagi-i-ognia-dc97810d.html</guid><description/></item><item><title>Дикие (Wilder Girls)</title><link>./ru/books/dikie-wilder-girls-7112564a.html</link><pubDate>Mon, 01 Jan 0001 00:00:00 +0000</pubDate><guid>./ru/books/dikie-wilder-girls-7112564a.html</guid><description/></item><item><title>Дни Нашей Жизни</title><link>./ru/books/dni-nashei-zhizni-d955ab61.html</link><pubDate>Mon, 01 Jan 0001 00:00:00 +0000</pubDate><guid>./ru/books/dni-nashei-zhizni-d955ab61.html</guid><description/></item><item><title>Дом На Краю Света</title><link>./ru/books/dom-na-kraiu-sveta-4065a43f.html</link><pubDate>Mon, 01 Jan 0001 00:00:00 +0000</pubDate><guid>./ru/books/dom-na-kraiu-sveta-4065a43f.html</guid><description/></item><item><title>Если О Нас Узнают</title><link>./ru/books/esli-o-nas-uznaiut-c6f15c12.html</link><pubDate>Mon, 01 Jan 0001 00:00:00 +0000</pubDate><guid>./ru/books/esli-o-nas-uznaiut-c6f15c12.html</guid><description/></item><item><title>Еще одна станция (One Last Stop)</title><link>./ru/books/eshche-odna-stantsiia-one-last-stop-9135fbf8.html</link><pubDate>Mon, 01 Jan 0001 00:00:00 +0000</pubDate><guid>./ru/books/eshche-odna-stantsiia-one-last-stop-9135fbf8.html</guid><description/></item><item><title>Жажда И Желание</title><link>./ru/books/zhazhda-i-zhelanie-707c3ead.html</link><pubDate>Mon, 01 Jan 0001 00:00:00 +0000</pubDate><guid>./ru/books/zhazhda-i-zhelanie-707c3ead.html</guid><description/></item><item><title>Жизнь На Repeat. За Тобой</title><link>./ru/books/zhizn-na-repeat-za-toboi-341610ff.html</link><pubDate>Mon, 01 Jan 0001 00:00:00 +0000</pubDate><guid>./ru/books/zhizn-na-repeat-za-toboi-341610ff.html</guid><description/></item><item><title>За Стенкой. История Отиса Ревиаля (звезды Молодежной Прозы На Русском)</title><link>./ru/books/za-stenkoi-istoriia-otisa-revialia-zvezdy-molodezhnoi-prozy-na-russkom-492be2e8.html</link><pubDate>Mon, 01 Jan 0001 00:00:00 +0000</pubDate><guid>./ru/books/za-stenkoi-istoriia-otisa-revialia-zvezdy-molodezhnoi-prozy-na-russkom-492be2e8.html</guid><description/></item><item><title>Замри</title><link>./ru/books/zamri-481c7e10.html</link><pubDate>Mon, 01 Jan 0001 00:00:00 +0000</pubDate><guid>./ru/books/zamri-481c7e10.html</guid><description/></item><item><title>Зачем Быть Счастливой, Если Можно Быть Нормальной?</title><link>./ru/books/zachem-byt-schastlivoi-esli-mozhno-byt-normalnoi-6377dad1.html</link><pubDate>Mon, 01 Jan 0001 00:00:00 +0000</pubDate><guid>./ru/books/zachem-byt-schastlivoi-esli-mozhno-byt-normalnoi-6377dad1.html</guid><description/></item><item><title>Зигги Стардаст и я</title><link>./ru/books/ziggi-stardast-i-ia-10a2bb97.html</link><pubDate>Mon, 01 Jan 0001 00:00:00 +0000</pubDate><guid>./ru/books/ziggi-stardast-i-ia-10a2bb97.html</guid><description/></item><item><title>Идеальный парень (Boyfriend Material)</title><link>./ru/books/idealnyi-paren-boyfriend-material-32b3bf0f.html</link><pubDate>Mon, 01 Jan 0001 00:00:00 +0000</pubDate><guid>./ru/books/idealnyi-paren-boyfriend-material-32b3bf0f.html</guid><description/></item><item><title>Избранные И Прекрасные</title><link>./ru/books/izbrannye-i-prekrasnye-ec200709.html</link><pubDate>Mon, 01 Jan 0001 00:00:00 +0000</pubDate><guid>./ru/books/izbrannye-i-prekrasnye-ec200709.html</guid><description/></item><item><title>Империя Вампиров</title><link>./ru/books/imperiia-vampirov-1b08b326.html</link><pubDate>Mon, 01 Jan 0001 00:00:00 +0000</pubDate><guid>./ru/books/imperiia-vampirov-1b08b326.html</guid><description/></item><item><title>История Одного Супружества</title><link>./ru/books/istoriia-odnogo-supruzhestva-03cbf6f0.html</link><pubDate>Mon, 01 Jan 0001 00:00:00 +0000</pubDate><guid>./ru/books/istoriia-odnogo-supruzhestva-03cbf6f0.html</guid><description/></item><item><title>Как проиграть в войне времён (This Is How You Lose The Time War)</title><link>./ru/books/kak-proigrat-v-voine-vremion-this-is-how-you-lose-the-time-war-f67f0fff.html</link><pubDate>Mon, 01 Jan 0001 00:00:00 +0000</pubDate><guid>./ru/books/kak-proigrat-v-voine-vremion-this-is-how-you-lose-the-time-war-f67f0fff.html</guid><description/></item><item><title>Калейдоскоп смерти (死亡万花筒 Kaleidoscope Of Death)</title><link>./ru/books/kaleidoskop-smerti-si-wang-mo-hua-tong-kaleidoscope-of-death-9fb26bd4.html</link><pubDate>Mon, 01 Jan 0001 00:00:00 +0000</pubDate><guid>./ru/books/kaleidoskop-smerti-si-wang-mo-hua-tong-kaleidoscope-of-death-9fb26bd4.html</guid><description/></item><item><title>Капучино С Маршмэллоу. Том 1</title><link>./ru/books/kapuchino-s-marshmellou-tom-1-66cd903a.html</link><pubDate>Mon, 01 Jan 0001 00:00:00 +0000</pubDate><guid>./ru/books/kapuchino-s-marshmellou-tom-1-66cd903a.html</guid><description/></item><item><title>Капучино с маршмэллоу. Том 2</title><link>./ru/books/kapuchino-s-marshmellou-tom-2-b250538d.html</link><pubDate>Mon, 01 Jan 0001 00:00:00 +0000</pubDate><guid>./ru/books/kapuchino-s-marshmellou-tom-2-b250538d.html</guid><description/></item><item><title>Когда Бог Был Кроликом</title><link>./ru/books/kogda-bog-byl-krolikom-f85e5396.html</link><pubDate>Mon, 01 Jan 0001 00:00:00 +0000</pubDate><guid>./ru/books/kogda-bog-byl-krolikom-f85e5396.html</guid><description/></item><item><title>Координата Поврежденности</title><link>./ru/books/koordinata-povrezhdennosti-d3cbe077.html</link><pubDate>Mon, 01 Jan 0001 00:00:00 +0000</pubDate><guid>./ru/books/koordinata-povrezhdennosti-d3cbe077.html</guid><description/></item><item><title>Король Воронов</title><link>./ru/books/korol-voronov-4d254323.html</link><pubDate>Mon, 01 Jan 0001 00:00:00 +0000</pubDate><guid>./ru/books/korol-voronov-4d254323.html</guid><description/></item><item><title>Король Воронов</title><link>./ru/books/korol-voronov-54a1aee4.html</link><pubDate>Mon, 01 Jan 0001 00:00:00 +0000</pubDate><guid>./ru/books/korol-voronov-54a1aee4.html</guid><description/></item><item><title>Король Шрамов</title><link>./ru/books/korol-shramov-0ffeb1f0.html</link><pubDate>Mon, 01 Jan 0001 00:00:00 +0000</pubDate><guid>./ru/books/korol-shramov-0ffeb1f0.html</guid><description/></item><item><title>Крадущаяся Тьма</title><link>./ru/books/kradushchaiasia-tma-fdd1bbdf.html</link><pubDate>Mon, 01 Jan 0001 00:00:00 +0000</pubDate><guid>./ru/books/kradushchaiasia-tma-fdd1bbdf.html</guid><description/></item><item><title>Край Земли. Прогулка По Провинстауну</title><link>./ru/books/krai-zemli-progulka-po-provinstaunu-9e410a96.html</link><pubDate>Mon, 01 Jan 0001 00:00:00 +0000</pubDate><guid>./ru/books/krai-zemli-progulka-po-provinstaunu-9e410a96.html</guid><description/></item><item><title>Красный, белый и королевский синий</title><link>./ru/books/krasnyi-belyi-i-korolevskii-sinii-2cb2cf5f.html</link><pubDate>Mon, 01 Jan 0001 00:00:00 +0000</pubDate><guid>./ru/books/krasnyi-belyi-i-korolevskii-sinii-2cb2cf5f.html</guid><description/></item><item><title>Крылья</title><link>./ru/books/krylia-55385c07.html</link><pubDate>Mon, 01 Jan 0001 00:00:00 +0000</pubDate><guid>./ru/books/krylia-55385c07.html</guid><description/></item><item><title>Левая Рука Тьмы</title><link>./ru/books/levaia-ruka-tmy-ed9e5079.html</link><pubDate>Mon, 01 Jan 0001 00:00:00 +0000</pubDate><guid>./ru/books/levaia-ruka-tmy-ed9e5079.html</guid><description/></item><item><title>Лето в пионерском галстуке</title><link>./ru/books/leto-v-pionerskom-galstuke-942cd87b.html</link><pubDate>Mon, 01 Jan 0001 00:00:00 +0000</pubDate><guid>./ru/books/leto-v-pionerskom-galstuke-942cd87b.html</guid><description/></item><item><title>Лисья Нора</title><link>./ru/books/lisia-nora-8797e925.html</link><pubDate>Mon, 01 Jan 0001 00:00:00 +0000</pubDate><guid>./ru/books/lisia-nora-8797e925.html</guid><description/></item><item><title>Лишь (Less)</title><link>./ru/books/lish-less-5688e5c6.html</link><pubDate>Mon, 01 Jan 0001 00:00:00 +0000</pubDate><guid>./ru/books/lish-less-5688e5c6.html</guid><description/></item><item><title>Луна Предателя</title><link>./ru/books/luna-predatelia-be42abcb.html</link><pubDate>Mon, 01 Jan 0001 00:00:00 +0000</pubDate><guid>./ru/books/luna-predatelia-be42abcb.html</guid><description/></item><item><title>Маленькая жизнь</title><link>./ru/books/malenkaia-zhizn-5a15f7f8.html</link><pubDate>Mon, 01 Jan 0001 00:00:00 +0000</pubDate><guid>./ru/books/malenkaia-zhizn-5a15f7f8.html</guid><description/></item><item><title>Мальчики с кладбища</title><link>./ru/books/malchiki-s-kladbishcha-368a670f.html</link><pubDate>Mon, 01 Jan 0001 00:00:00 +0000</pubDate><guid>./ru/books/malchiki-s-kladbishcha-368a670f.html</guid><description/></item><item><title>Межвремье</title><link>./ru/books/mezhvreme-fa13d46e.html</link><pubDate>Mon, 01 Jan 0001 00:00:00 +0000</pubDate><guid>./ru/books/mezhvreme-fa13d46e.html</guid><description/></item><item><title>Месть Темного Бога</title><link>./ru/books/mest-temnogo-boga-0aded87b.html</link><pubDate>Mon, 01 Jan 0001 00:00:00 +0000</pubDate><guid>./ru/books/mest-temnogo-boga-0aded87b.html</guid><description/></item><item><title>Мистер Невозможность</title><link>./ru/books/mister-nevozmozhnost-cab96831.html</link><pubDate>Mon, 01 Jan 0001 00:00:00 +0000</pubDate><guid>./ru/books/mister-nevozmozhnost-cab96831.html</guid><description/></item><item><title>Моя интимная жизнь с одиночеством. Том 1 (My Lesbian Experience With Loneliness)</title><link>./ru/books/moia-intimnaia-zhizn-s-odinochestvom-tom-1-my-lesbian-experience-with-loneliness-5cecf5e8.html</link><pubDate>Mon, 01 Jan 0001 00:00:00 +0000</pubDate><guid>./ru/books/moia-intimnaia-zhizn-s-odinochestvom-tom-1-my-lesbian-experience-with-loneliness-5cecf5e8.html</guid><description/></item><item><title>Мы В Порядке</title><link>./ru/books/my-v-poriadke-69bcd1a4.html</link><pubDate>Mon, 01 Jan 0001 00:00:00 +0000</pubDate><guid>./ru/books/my-v-poriadke-69bcd1a4.html</guid><description/></item><item><title>Назови меня своим именем</title><link>./ru/books/nazovi-menia-svoim-imenem-64bc594d.html</link><pubDate>Mon, 01 Jan 0001 00:00:00 +0000</pubDate><guid>./ru/books/nazovi-menia-svoim-imenem-64bc594d.html</guid><description/></item><item><title>Найди Меня</title><link>./ru/books/naidi-menia-d30b4e60.html</link><pubDate>Mon, 01 Jan 0001 00:00:00 +0000</pubDate><guid>./ru/books/naidi-menia-d30b4e60.html</guid><description/></item><item><title>Настоящая жизнь (Real Life)</title><link>./ru/books/nastoiashchaia-zhizn-real-life-839446c3.html</link><pubDate>Mon, 01 Jan 0001 00:00:00 +0000</pubDate><guid>./ru/books/nastoiashchaia-zhizn-real-life-839446c3.html</guid><description/></item><item><title>Не только апельсины (Oranges Are Not The Only Fruit)</title><link>./ru/books/ne-tolko-apelsiny-oranges-are-not-the-only-fruit-45250250.html</link><pubDate>Mon, 01 Jan 0001 00:00:00 +0000</pubDate><guid>./ru/books/ne-tolko-apelsiny-oranges-are-not-the-only-fruit-45250250.html</guid><description/></item><item><title>Нежность и ненависть</title><link>./ru/books/nezhnost-i-nenavist-7b25bbbf.html</link><pubDate>Mon, 01 Jan 0001 00:00:00 +0000</pubDate><guid>./ru/books/nezhnost-i-nenavist-7b25bbbf.html</guid><description/></item><item><title>Неидеальные Мы</title><link>./ru/books/neidealnye-my-3f7aa5de.html</link><pubDate>Mon, 01 Jan 0001 00:00:00 +0000</pubDate><guid>./ru/books/neidealnye-my-3f7aa5de.html</guid><description/></item><item><title>Неправильное Воспитание Кэмерон Пост</title><link>./ru/books/nepravilnoe-vospitanie-kemeron-post-c152f733.html</link><pubDate>Mon, 01 Jan 0001 00:00:00 +0000</pubDate><guid>./ru/books/nepravilnoe-vospitanie-kemeron-post-c152f733.html</guid><description/></item><item><title>Нить, сотканная из тьмы</title><link>./ru/books/nit-sotkannaia-iz-tmy-ca7d9e07.html</link><pubDate>Mon, 01 Jan 0001 00:00:00 +0000</pubDate><guid>./ru/books/nit-sotkannaia-iz-tmy-ca7d9e07.html</guid><description/></item><item><title>Ночнои Дозор</title><link>./ru/books/nochnoi-dozor-da8e017c.html</link><pubDate>Mon, 01 Jan 0001 00:00:00 +0000</pubDate><guid>./ru/books/nochnoi-dozor-da8e017c.html</guid><description/></item><item><title>О Чем Молчит Ласточка</title><link>./ru/books/o-chem-molchit-lastochka-399cae41.html</link><pubDate>Mon, 01 Jan 0001 00:00:00 +0000</pubDate><guid>./ru/books/o-chem-molchit-lastochka-399cae41.html</guid><description/></item><item><title>Одинокий мужчина (A Single Man)</title><link>./ru/books/odinokii-muzhchina-a-single-man-316da7cf.html</link><pubDate>Mon, 01 Jan 0001 00:00:00 +0000</pubDate><guid>./ru/books/odinokii-muzhchina-a-single-man-316da7cf.html</guid><description/></item><item><title>Окна Во Двор</title><link>./ru/books/okna-vo-dvor-bd48dde2.html</link><pubDate>Mon, 01 Jan 0001 00:00:00 +0000</pubDate><guid>./ru/books/okna-vo-dvor-bd48dde2.html</guid><description/></item><item><title>Очарован наповал (The Charm Offensive)</title><link>./ru/books/ocharovan-napoval-the-charm-offensive-4e645d44.html</link><pubDate>Mon, 01 Jan 0001 00:00:00 +0000</pubDate><guid>./ru/books/ocharovan-napoval-the-charm-offensive-4e645d44.html</guid><description/></item><item><title>Парень встретил парня</title><link>./ru/books/paren-vstretil-parnia-254b7ede.html</link><pubDate>Mon, 01 Jan 0001 00:00:00 +0000</pubDate><guid>./ru/books/paren-vstretil-parnia-254b7ede.html</guid><description/></item><item><title>Песнь Ахилла (The Song Of Achilles)</title><link>./ru/books/pesn-akhilla-the-song-of-achilles-ceae7fbd.html</link><pubDate>Mon, 01 Jan 0001 00:00:00 +0000</pubDate><guid>./ru/books/pesn-akhilla-the-song-of-achilles-ceae7fbd.html</guid><description/></item><item><title>Песнь Сорокопута</title><link>./ru/books/pesn-sorokoputa-1d2fc065.html</link><pubDate>Mon, 01 Jan 0001 00:00:00 +0000</pubDate><guid>./ru/books/pesn-sorokoputa-1d2fc065.html</guid><description/></item><item><title>Плетёный Король</title><link>./ru/books/pletionyi-korol-ae233863.html</link><pubDate>Mon, 01 Jan 0001 00:00:00 +0000</pubDate><guid>./ru/books/pletionyi-korol-ae233863.html</guid><description/></item><item><title>Плюсы неразделенной любви (The Upside Of Unrequited)</title><link>./ru/books/pliusy-nerazdelennoi-liubvi-the-upside-of-unrequited-7f66348c.html</link><pubDate>Mon, 01 Jan 0001 00:00:00 +0000</pubDate><guid>./ru/books/pliusy-nerazdelennoi-liubvi-the-upside-of-unrequited-7f66348c.html</guid><description/></item><item><title>Под шепчущей дверью</title><link>./ru/books/pod-shepchushchei-dveriu-c0e9ce01.html</link><pubDate>Mon, 01 Jan 0001 00:00:00 +0000</pubDate><guid>./ru/books/pod-shepchushchei-dveriu-c0e9ce01.html</guid><description/></item><item><title>Похитители Снов</title><link>./ru/books/pokhititeli-snov-21ffae95.html</link><pubDate>Mon, 01 Jan 0001 00:00:00 +0000</pubDate><guid>./ru/books/pokhititeli-snov-21ffae95.html</guid><description/></item><item><title>Правила выживания в Джакарте</title><link>./ru/books/pravila-vyzhivaniia-v-dzhakarte-e600c833.html</link><pubDate>Mon, 01 Jan 0001 00:00:00 +0000</pubDate><guid>./ru/books/pravila-vyzhivaniia-v-dzhakarte-e600c833.html</guid><description/></item><item><title>Правление Волков</title><link>./ru/books/pravlenie-volkov-af737d7d.html</link><pubDate>Mon, 01 Jan 0001 00:00:00 +0000</pubDate><guid>./ru/books/pravlenie-volkov-af737d7d.html</guid><description/></item><item><title>Прекрасно В Теории</title><link>./ru/books/prekrasno-v-teorii-e3ff5217.html</link><pubDate>Mon, 01 Jan 0001 00:00:00 +0000</pubDate><guid>./ru/books/prekrasno-v-teorii-e3ff5217.html</guid><description/></item><item><title>Призови Сокола</title><link>./ru/books/prizovi-sokola-85c7c4ef.html</link><pubDate>Mon, 01 Jan 0001 00:00:00 +0000</pubDate><guid>./ru/books/prizovi-sokola-85c7c4ef.html</guid><description/></item><item><title>Продажное Королевство</title><link>./ru/books/prodazhnoe-korolevstvo-6f240277.html</link><pubDate>Mon, 01 Jan 0001 00:00:00 +0000</pubDate><guid>./ru/books/prodazhnoe-korolevstvo-6f240277.html</guid><description/></item><item><title>Пьеса Для Трех Голосов И Сводни. Искусство И Ложь</title><link>./ru/books/pesa-dlia-trekh-golosov-i-svodni-iskusstvo-i-lozh-a1276db8.html</link><pubDate>Mon, 01 Jan 0001 00:00:00 +0000</pubDate><guid>./ru/books/pesa-dlia-trekh-golosov-i-svodni-iskusstvo-i-lozh-a1276db8.html</guid><description/></item><item><title>Пятая Сестра</title><link>./ru/books/piataia-sestra-bfc576fe.html</link><pubDate>Mon, 01 Jan 0001 00:00:00 +0000</pubDate><guid>./ru/books/piataia-sestra-bfc576fe.html</guid><description/></item><item><title>Радио "молчание"</title><link>./ru/books/radio-molchanie-de57fd98.html</link><pubDate>Mon, 01 Jan 0001 00:00:00 +0000</pubDate><guid>./ru/books/radio-molchanie-de57fd98.html</guid><description/></item><item><title>Разрыв во времени</title><link>./ru/books/razryv-vo-vremeni-57f56d03.html</link><pubDate>Mon, 01 Jan 0001 00:00:00 +0000</pubDate><guid>./ru/books/razryv-vo-vremeni-57f56d03.html</guid><description/></item><item><title>Река Моих Сожалений</title><link>./ru/books/reka-moikh-sozhalenii-34a6bdda.html</link><pubDate>Mon, 01 Jan 0001 00:00:00 +0000</pubDate><guid>./ru/books/reka-moikh-sozhalenii-34a6bdda.html</guid><description/></item><item><title>Ренессанс</title><link>./ru/books/renessans-039755bd.html</link><pubDate>Mon, 01 Jan 0001 00:00:00 +0000</pubDate><guid>./ru/books/renessans-039755bd.html</guid><description/></item><item><title>С Любовью, Криквуд</title><link>./ru/books/s-liuboviu-krikvud-4eec1e89.html</link><pubDate>Mon, 01 Jan 0001 00:00:00 +0000</pubDate><guid>./ru/books/s-liuboviu-krikvud-4eec1e89.html</guid><description/></item><item><title>Саймон И Программа Homo Sapiens</title><link>./ru/books/saimon-i-programma-homo-sapiens-e6410841.html</link><pubDate>Mon, 01 Jan 0001 00:00:00 +0000</pubDate><guid>./ru/books/saimon-i-programma-homo-sapiens-e6410841.html</guid><description/></item><item><title>Самая Темная Чаща</title><link>./ru/books/samaia-temnaia-chashcha-711a5311.html</link><pubDate>Mon, 01 Jan 0001 00:00:00 +0000</pubDate><guid>./ru/books/samaia-temnaia-chashcha-711a5311.html</guid><description/></item><item><title>Самый Одинокий Человек</title><link>./ru/books/samyi-odinokii-chelovek-cb4f36ed.html</link><pubDate>Mon, 01 Jan 0001 00:00:00 +0000</pubDate><guid>./ru/books/samyi-odinokii-chelovek-cb4f36ed.html</guid><description/></item><item><title>Свита Короля</title><link>./ru/books/svita-korolia-8b4625a0.html</link><pubDate>Mon, 01 Jan 0001 00:00:00 +0000</pubDate><guid>./ru/books/svita-korolia-8b4625a0.html</guid><description/></item><item><title>Секция плавания для пьющих в одиночестве</title><link>./ru/books/sektsiia-plavaniia-dlia-piushchikh-v-odinochestve-95fd43bc.html</link><pubDate>Mon, 01 Jan 0001 00:00:00 +0000</pubDate><guid>./ru/books/sektsiia-plavaniia-dlia-piushchikh-v-odinochestve-95fd43bc.html</guid><description/></item><item><title>Сила нашего притяжения</title><link>./ru/books/sila-nashego-pritiazheniia-f823ec1e.html</link><pubDate>Mon, 01 Jan 0001 00:00:00 +0000</pubDate><guid>./ru/books/sila-nashego-pritiazheniia-f823ec1e.html</guid><description/></item><item><title>Синяя Лилия, Лилия Блу</title><link>./ru/books/siniaia-liliia-liliia-blu-131c22f0.html</link><pubDate>Mon, 01 Jan 0001 00:00:00 +0000</pubDate><guid>./ru/books/siniaia-liliia-liliia-blu-131c22f0.html</guid><description/></item><item><title>Скорее счастлив, чем нет (More Happy Than Not)</title><link>./ru/books/skoree-schastliv-chem-net-more-happy-than-not-7c1809e1.html</link><pubDate>Mon, 01 Jan 0001 00:00:00 +0000</pubDate><guid>./ru/books/skoree-schastliv-chem-net-more-happy-than-not-7c1809e1.html</guid><description/></item><item><title>Сновидец. Грейуорен</title><link>./ru/books/snovidets-greiuoren-1fa29da4.html</link><pubDate>Mon, 01 Jan 0001 00:00:00 +0000</pubDate><guid>./ru/books/snovidets-greiuoren-1fa29da4.html</guid><description/></item><item><title>Спрингфилд</title><link>./ru/books/springfild-7fb51e0d.html</link><pubDate>Mon, 01 Jan 0001 00:00:00 +0000</pubDate><guid>./ru/books/springfild-7fb51e0d.html</guid><description/></item><item><title>Средний Пол</title><link>./ru/books/srednii-pol-235ff809.html</link><pubDate>Mon, 01 Jan 0001 00:00:00 +0000</pubDate><guid>./ru/books/srednii-pol-235ff809.html</guid><description/></item><item><title>Стёртый мальчик (Boy Erased)</title><link>./ru/books/stiortyi-malchik-boy-erased-dc59ce29.html</link><pubDate>Mon, 01 Jan 0001 00:00:00 +0000</pubDate><guid>./ru/books/stiortyi-malchik-boy-erased-dc59ce29.html</guid><description/></item><item><title>Страсть (The Passion)</title><link>./ru/books/strast-the-passion-d5fe228e.html</link><pubDate>Mon, 01 Jan 0001 00:00:00 +0000</pubDate><guid>./ru/books/strast-the-passion-d5fe228e.html</guid><description/></item><item><title>Сын вечности (Infinity Son)</title><link>./ru/books/syn-vechnosti-infinity-son-e909a1fb.html</link><pubDate>Mon, 01 Jan 0001 00:00:00 +0000</pubDate><guid>./ru/books/syn-vechnosti-infinity-son-e909a1fb.html</guid><description/></item><item><title>Та, что стала солнцем (She Who Became The Sun)</title><link>./ru/books/ta-chto-stala-solntsem-she-who-became-the-sun-76feb455.html</link><pubDate>Mon, 01 Jan 0001 00:00:00 +0000</pubDate><guid>./ru/books/ta-chto-stala-solntsem-she-who-became-the-sun-76feb455.html</guid><description/></item><item><title>Тайнопись плоти. (Written On The Body)</title><link>./ru/books/tainopis-ploti-written-on-the-body-bdd15a16.html</link><pubDate>Mon, 01 Jan 0001 00:00:00 +0000</pubDate><guid>./ru/books/tainopis-ploti-written-on-the-body-bdd15a16.html</guid><description/></item><item><title>Тайный Воин</title><link>./ru/books/tainyi-voin-7c194e3f.html</link><pubDate>Mon, 01 Jan 0001 00:00:00 +0000</pubDate><guid>./ru/books/tainyi-voin-7c194e3f.html</guid><description/></item><item><title>Так Держать!</title><link>./ru/books/tak-derzhat-13e9bbe1.html</link><pubDate>Mon, 01 Jan 0001 00:00:00 +0000</pubDate><guid>./ru/books/tak-derzhat-13e9bbe1.html</guid><description/></item><item><title>Тени Возвращаются</title><link>./ru/books/teni-vozvrashchaiutsia-2f658b8d.html</link><pubDate>Mon, 01 Jan 0001 00:00:00 +0000</pubDate><guid>./ru/books/teni-vozvrashchaiutsia-2f658b8d.html</guid><description/></item><item><title>Тетрадь В Клеточку</title><link>./ru/books/tetrad-v-kletochku-0a4612fe.html</link><pubDate>Mon, 01 Jan 0001 00:00:00 +0000</pubDate><guid>./ru/books/tetrad-v-kletochku-0a4612fe.html</guid><description/></item><item><title>Тонкая работа (Fingersmith)</title><link>./ru/books/tonkaia-rabota-fingersmith-e8a6fb9b.html</link><pubDate>Mon, 01 Jan 0001 00:00:00 +0000</pubDate><guid>./ru/books/tonkaia-rabota-fingersmith-e8a6fb9b.html</guid><description/></item><item><title>Тот Самый</title><link>./ru/books/tot-samyi-112285c9.html</link><pubDate>Mon, 01 Jan 0001 00:00:00 +0000</pubDate><guid>./ru/books/tot-samyi-112285c9.html</guid><description/></item><item><title>Трепет И Гнев</title><link>./ru/books/trepet-i-gnev-ea09069b.html</link><pubDate>Mon, 01 Jan 0001 00:00:00 +0000</pubDate><guid>./ru/books/trepet-i-gnev-ea09069b.html</guid><description/></item><item><title>Три Билета В Кино</title><link>./ru/books/tri-bileta-v-kino-e05ed087.html</link><pubDate>Mon, 01 Jan 0001 00:00:00 +0000</pubDate><guid>./ru/books/tri-bileta-v-kino-e05ed087.html</guid><description/></item><item><title>Убивая Еву 3: Умри ради меня (Killing Eve : Endgame)</title><link>./ru/books/ubivaia-evu-3-umri-radi-menia-killing-eve-endgame-0df74ad9.html</link><pubDate>Mon, 01 Jan 0001 00:00:00 +0000</pubDate><guid>./ru/books/ubivaia-evu-3-umri-radi-menia-killing-eve-endgame-0df74ad9.html</guid><description/></item><item><title>Убивая Еву: Это случится не завтра (No Tomorrow)</title><link>./ru/books/ubivaia-evu-eto-sluchitsia-ne-zavtra-no-tomorrow-65834717.html</link><pubDate>Mon, 01 Jan 0001 00:00:00 +0000</pubDate><guid>./ru/books/ubivaia-evu-eto-sluchitsia-ne-zavtra-no-tomorrow-65834717.html</guid><description/></item><item><title>Убить Некроманта</title><link>./ru/books/ubit-nekromanta-8411080b.html</link><pubDate>Mon, 01 Jan 0001 00:00:00 +0000</pubDate><guid>./ru/books/ubit-nekromanta-8411080b.html</guid><description/></item><item><title>Харроу Из Девятого Дома</title><link>./ru/books/kharrou-iz-deviatogo-doma-b07dfa6d.html</link><pubDate>Mon, 01 Jan 0001 00:00:00 +0000</pubDate><guid>./ru/books/kharrou-iz-deviatogo-doma-b07dfa6d.html</guid><description/></item><item><title>Хозяйство света (Lighthousekeeping)</title><link>./ru/books/khoziaistvo-sveta-lighthousekeeping-66a6fd2f.html</link><pubDate>Mon, 01 Jan 0001 00:00:00 +0000</pubDate><guid>./ru/books/khoziaistvo-sveta-lighthousekeeping-66a6fd2f.html</guid><description/></item><item><title>Цвет пурпурный (The Color Purple)</title><link>./ru/books/tsvet-purpurnyi-the-color-purple-3c62cfe3.html</link><pubDate>Mon, 01 Jan 0001 00:00:00 +0000</pubDate><guid>./ru/books/tsvet-purpurnyi-the-color-purple-3c62cfe3.html</guid><description/></item><item><title>Цветы В Пустоте</title><link>./ru/books/tsvety-v-pustote-68474371.html</link><pubDate>Mon, 01 Jan 0001 00:00:00 +0000</pubDate><guid>./ru/books/tsvety-v-pustote-68474371.html</guid><description/></item><item><title>Целую, твой Франкенштейн. История одной любви (Frankissstein)</title><link>./ru/books/tseluiu-tvoi-frankenshtein-istoriia-odnoi-liubvi-frankissstein-7c6930b0.html</link><pubDate>Mon, 01 Jan 0001 00:00:00 +0000</pubDate><guid>./ru/books/tseluiu-tvoi-frankenshtein-istoriia-odnoi-liubvi-frankissstein-7c6930b0.html</guid><description/></item><item><title>Цена соли (The Price Of Salt)</title><link>./ru/books/tsena-soli-the-price-of-salt-a84cd3ed.html</link><pubDate>Mon, 01 Jan 0001 00:00:00 +0000</pubDate><guid>./ru/books/tsena-soli-the-price-of-salt-a84cd3ed.html</guid><description/></item><item><title>Часы (The Hours)</title><link>./ru/books/chasy-the-hours-da2e8eeb.html</link><pubDate>Mon, 01 Jan 0001 00:00:00 +0000</pubDate><guid>./ru/books/chasy-the-hours-da2e8eeb.html</guid><description/></item><item><title>Чего ждет Кейт (Kate In Waiting)</title><link>./ru/books/chego-zhdet-keit-kate-in-waiting-8031e002.html</link><pubDate>Mon, 01 Jan 0001 00:00:00 +0000</pubDate><guid>./ru/books/chego-zhdet-keit-kate-in-waiting-8031e002.html</guid><description/></item><item><title>Что, если это мы (What If It's Us)</title><link>./ru/books/chto-esli-eto-my-what-if-its-us-4d74df44.html</link><pubDate>Mon, 01 Jan 0001 00:00:00 +0000</pubDate><guid>./ru/books/chto-esli-eto-my-what-if-its-us-4d74df44.html</guid><description/></item><item><title>Шагги Бейн</title><link>./ru/books/shaggi-bein-c3ee4d44.html</link><pubDate>Mon, 01 Jan 0001 00:00:00 +0000</pubDate><guid>./ru/books/shaggi-bein-c3ee4d44.html</guid><description/></item><item><title>Шестерка Воронов</title><link>./ru/books/shesterka-voronov-dfbdc4bf.html</link><pubDate>Mon, 01 Jan 0001 00:00:00 +0000</pubDate><guid>./ru/books/shesterka-voronov-dfbdc4bf.html</guid><description/></item><item><title>Элизиум</title><link>./ru/books/elizium-50a020fc.html</link><pubDate>Mon, 01 Jan 0001 00:00:00 +0000</pubDate><guid>./ru/books/elizium-50a020fc.html</guid><description/></item><item><title>Энигма-вариации</title><link>./ru/books/enigma-variatsii-51b8c521.html</link><pubDate>Mon, 01 Jan 0001 00:00:00 +0000</pubDate><guid>./ru/books/enigma-variatsii-51b8c521.html</guid><description/></item><item><title>Эти Ведьмы Не Горят</title><link>./ru/books/eti-vedmy-ne-goriat-ad09df90.html</link><pubDate>Mon, 01 Jan 0001 00:00:00 +0000</pubDate><guid>./ru/books/eti-vedmy-ne-goriat-ad09df90.html</guid><description/></item><item><title>Этот Ковен Не Сломить</title><link>./ru/books/etot-koven-ne-slomit-a1c1d414.html</link><pubDate>Mon, 01 Jan 0001 00:00:00 +0000</pubDate><guid>./ru/books/etot-koven-ne-slomit-a1c1d414.html</guid><description/></item><item><title>Я Рожден(а) Для Этого</title><link>./ru/books/ia-rozhdena-dlia-etogo-b98d3a3a.html</link><pubDate>Mon, 01 Jan 0001 00:00:00 +0000</pubDate><guid>./ru/books/ia-rozhdena-dlia-etogo-b98d3a3a.html</guid><description/></item></channel></rss>