<?xml version="1.0" encoding="utf-8" standalone="yes"?><rss version="2.0" xmlns:atom="http://www.w3.org/2005/Atom"><channel><title>Books on Loudly Proud</title><link>./fa/books.html</link><description>Recent content in Books on Loudly Proud</description><generator>Hugo</generator><language>fa</language><atom:link href="./fa/books/index.xml" rel="self" type="application/rss+xml"/><item><title>Darius the Great Deserves Better</title><link>./fa/books/darius-the-great-deserves-better-419842.html</link><pubDate>Mon, 01 Jan 0001 00:00:00 +0000</pubDate><guid>./fa/books/darius-the-great-deserves-better-419842.html</guid><description/></item><item><title>Darius the Great Is Not Okay</title><link>./fa/books/darius-the-great-is-not-okay-vj9egw.html</link><pubDate>Mon, 01 Jan 0001 00:00:00 +0000</pubDate><guid>./fa/books/darius-the-great-is-not-okay-vj9egw.html</guid><description/></item><item><title>How It All Blew Up</title><link>./fa/books/how-it-all-blew-up-ugh7s4.html</link><pubDate>Mon, 01 Jan 0001 00:00:00 +0000</pubDate><guid>./fa/books/how-it-all-blew-up-ugh7s4.html</guid><description/></item><item><title>I Will Greet the Sun Again</title><link>./fa/books/i-will-greet-the-sun-again-xnzyy8.html</link><pubDate>Mon, 01 Jan 0001 00:00:00 +0000</pubDate><guid>./fa/books/i-will-greet-the-sun-again-xnzyy8.html</guid><description/></item><item><title>If You Could Be Mine</title><link>./fa/books/if-you-could-be-mine-dwjnm4.html</link><pubDate>Mon, 01 Jan 0001 00:00:00 +0000</pubDate><guid>./fa/books/if-you-could-be-mine-dwjnm4.html</guid><description/></item><item><title>Martyr!</title><link>./fa/books/martyr-tm6jmm.html</link><pubDate>Mon, 01 Jan 0001 00:00:00 +0000</pubDate><guid>./fa/books/martyr-tm6jmm.html</guid><description/></item><item><title>Moon at Nine</title><link>./fa/books/moon-at-nine-m7vvi1.html</link><pubDate>Mon, 01 Jan 0001 00:00:00 +0000</pubDate><guid>./fa/books/moon-at-nine-m7vvi1.html</guid><description/></item><item><title>Only This Beautiful Moment</title><link>./fa/books/only-this-beautiful-moment-pz8l6k.html</link><pubDate>Mon, 01 Jan 0001 00:00:00 +0000</pubDate><guid>./fa/books/only-this-beautiful-moment-pz8l6k.html</guid><description/></item><item><title>جنسیت ایکس: تجربه زیست همچنس گرایان و ترنسجندرها در ایران</title><link>./fa/books/jnsyt-ayks-tjrbh-zyst-hmchns-grayan-v-trnsjndrha-dr-ayran-ich214.html</link><pubDate>Mon, 01 Jan 0001 00:00:00 +0000</pubDate><guid>./fa/books/jnsyt-ayks-tjrbh-zyst-hmchns-grayan-v-trnsjndrha-dr-ayran-ich214.html</guid><description/></item><item><title>داستان شهر ممنوعه - پژوهشی جامع در باب دگرباشان در ایران</title><link>./fa/books/dastan-shhr-mmnvah-pzhvhshy-jama-dr-bab-dgrbashan-dr-ayran-e6wyqm.html</link><pubDate>Mon, 01 Jan 0001 00:00:00 +0000</pubDate><guid>./fa/books/dastan-shhr-mmnvah-pzhvhshy-jama-dr-bab-dgrbashan-dr-ayran-e6wyqm.html</guid><description/></item></channel></rss>